{
 "problemID": 0,
 "neighbors": {
  "0": "1,2",
  "1": "3,0",
  "2": "0",
  "3": "1"
 },
 "numberOfRelations": 4,
 "relations": [
  {
   "cardinality": 969.6951891448456,
   "name": "unknown",
   "problemID": 0,
   "relationID": 0
  },
  {
   "cardinality": 3009.1186058528706,
   "name": "unknown",
   "problemID": 0,
   "relationID": 1
  },
  {
   "cardinality": 5152.126285020654,
   "name": "unknown",
   "problemID": 0,
   "relationID": 2
  },
  {
   "cardinality": 8136.399609900968,
   "name": "unknown",
   "problemID": 0,
   "relationID": 3
  }
 ],
 "selectivities": {
  "0,1": 0.21426387258237492,
  "0,2": 0.380657189299686,
  "1,3": 0.31805817433032985
 }
}